subsystem,description,material,spec,status,qty,objects
drivetrain,"5203-class gearbox motor",motor,O36 can / O40 gb,VENDOR-PENDING,4,"MOTOR_FL MOTOR_FR MOTOR_RL MOTOR_RR"
drivetrain,"8mm REX live axle, M8 tip",steel,L=112,VENDOR-PENDING,4,"AXLE_FL AXLE_FR AXLE_RL AXLE_RR"
drivetrain,"axle washer + M8 nylock",steel,O16/M8,UNVERIFIED,8,"WSH_OUT_FL NUT_AXLE_FL WSH_OUT_FR NUT_AXLE_FR WSH_OUT_RL NUT_AXLE_RL WSH_OUT_RR NUT_AXLE_RR"
drivetrain,"flange bearing block",aluminum,26x26x6 O9.6 bore O15.6 pilot,VENDOR-PENDING,8,"BRG_IN_FL BRG_OUT_FL BRG_IN_FR BRG_OUT_FR BRG_IN_RL BRG_OUT_RL BRG_IN_RR BRG_OUT_RR"
drivetrain,"motor clamp block",aluminum,O40.5 bore + ears,UNVERIFIED,8,"CLAMP_FL_2 CLAMP_FL_1 CLAMP_FR_2 CLAMP_FR_1 CLAMP_RL_2 CLAMP_RL_1 CLAMP_RR_2 CLAMP_RR_1"
drivetrain,"motor mount plate",aluminum,348.5x48.3x3.05,UNVERIFIED,2,"MOUNT_PLATE_L MOUNT_PLATE_R"
drivetrain,"shaft washer/collar/pinion",steel,O16/18/17,UNVERIFIED,12,"WSH_AXLE_FL COLLAR_FL PINION_FL WSH_AXLE_FR COLLAR_FR PINION_FR WSH_AXLE_RL COLLAR_RL PINION_RL WSH_AXLE_RR COLLAR_RR PINION_RR"
electronics,"3000mAh 12V battery",battery,75x45x22,VENDOR-PENDING,1,"BATTERY"
electronics,"REV hub (ctrl)",hub,142x79x29,VENDOR-PENDING,1,"HUB_CTRL"
electronics,"REV hub (exp)",hub,142x79x29,VENDOR-PENDING,1,"HUB_EXP"
electronics,"adhesive cable clip",nylon,12x12x4,UNVERIFIED,4,"CLIP_0 CLIP_1 CLIP_2 CLIP_3"
electronics,"battery strap",nylon,wrap,UNVERIFIED,2,"BATT_STRAP_0 BATT_STRAP_1"
electronics,"electronics shelf",polycarb,86x128x2,UNVERIFIED,1,"ELEC_SHELF"
electronics,"main power switch",switch,15x9x13,UNVERIFIED,1,"MAIN_SWITCH"
electronics,"shelf standoff",aluminum,O8x31,UNVERIFIED,4,"STANDOFF_0 STANDOFF_1 STANDOFF_2 STANDOFF_3"
electronics,"switch bracket",aluminum,L30x20x24,UNVERIFIED,1,"SWITCH_BRKT"
electronics,"wire run",wire,O1.5,UNVERIFIED,3,"WIRE_ENC_LAT_L WIRE_ENC_LAT_R WIRE_ENC_LON"
electronics,"wire run",wire,O3,UNVERIFIED,5,"WIRE_HUB_RS485 WIRE_MTR_FL WIRE_MTR_RL WIRE_MTR_FR WIRE_MTR_RR"
electronics,"wire run",wire,O4,UNVERIFIED,2,"WIRE_BATT_SW WIRE_SW_CTRL"
frame,"1120 U-channel 444.5mm",aluminum,444.5x48x48,VENDOR-PENDING,2,"FRAME_RAIL_L FRAME_RAIL_R"
frame,"1120 U-channel crossmember 271.8mm",aluminum,271.8x48x48,VENDOR-PENDING,1,"FRAME_CROSS_B"
frame,"1120 U-channel crown 271.8mm",aluminum,271.8x48x48,VENDOR-PENDING,1,"FRAME_CROWN_F"
frame,"alliance number plate",polycarb,91x61x2,UNVERIFIED,2,"PLATE_NUM_L PLATE_NUM_B"
frame,"belly pan sheet",polycarb,350x269x2,UNVERIFIED,1,"BELLY_PAN"
frame,"channel end plug",nylon,45x42x3,UNVERIFIED,6,"ENDCAP_FL ENDCAP_BL ENDCAP_FR ENDCAP_BR ENDCAP_XB_L ENDCAP_XB_R"
frame,"corner splice plate",aluminum,30x72x3,UNVERIFIED,2,"TIE_RB_L TIE_RB_R"
frame,"crown riser tongue + foot",aluminum,8x44x115 + 40x40x5,UNVERIFIED,2,"CROWN_POST_L CROWN_POST_R"
frame,"deck panel",polycarb,294x118x3,UNVERIFIED,2,"DECK_L DECK_R"
frame,"deck standoff O10 hex",aluminum,O10x20,UNVERIFIED,8,"DECK_POST_L0 DECK_POST_L1 DECK_POST_L2 DECK_POST_L3 DECK_POST_R0 DECK_POST_R1 DECK_POST_R2 DECK_POST_R3"
frame,"inside-corner gusset",aluminum,40x40x6,UNVERIFIED,2,"GUSSET_BL GUSSET_BR"
frame,"low corner gusset",aluminum,35x35x6,UNVERIFIED,2,"GUSSET_UL GUSSET_UR"
frame,"pan mount L-bracket",aluminum,30x40x4,UNVERIFIED,6,"PAN_BRKT_L0 PAN_BRKT_L1 PAN_BRKT_L2 PAN_BRKT_R0 PAN_BRKT_R1 PAN_BRKT_R2"
odometry,"48mm dead wheel",polyurethane,O48x16,VENDOR-PENDING,3,"ODO_WHEEL_LAT_L ODO_WHEEL_LAT_R ODO_WHEEL_LON"
odometry,"odo swing arm",aluminum,52x4x20,UNVERIFIED,3,"ODO_ARM_LAT_L ODO_ARM_LAT_R ODO_ARM_LON"
odometry,"pod encoder board",pcb,16x2x12,UNVERIFIED,3,"ODO_ENC_LAT_L ODO_ENC_LAT_R ODO_ENC_LON"
odometry,"pod mount block",aluminum,16x12x12,UNVERIFIED,3,"ODO_MOUNT_LAT_L ODO_MOUNT_LAT_R ODO_MOUNT_LON"
odometry,"pod preload strut",steel+delrin,O8 spring,UNVERIFIED,3,"ODO_SPRING_LAT_L ODO_SPRING_LAT_R ODO_SPRING_LON"
